episode,total_reward,avg_step_time
1,-79.68870923182834,0.0011722840000584255
2,-22.833134864831873,0.0010050760000012815
3,-49.012242133189474,0.0011175800002092729
4,-68.85071108085735,0.0012455880000197795
5,-68.15686970684382,0.0016144640000129585
